X_1,X_2
0.34872081317035286,-0.3222030890374314
0.49461839831001697,0.9762744195159966
-0.7060449925887209,-0.6998871850269185
-2.040513651347035,-0.812233467798125
0.753596801840962,1.2405203913307603
0.21183570067073507,1.4813668867755154
-1.2277409661832188,-0.8622552816664484
0.6508661498983026,-0.9283775556987786
-1.127208537550475,-0.5860190147830076
-1.5519771174328045,-0.8264606162925265
0.6527472999964948,-1.4506819367702328
0.2343834203746602,1.4152300952456025
0.09689158216851296,-0.7624031371843213
0.7160415579008268,1.8055816200094008
-1.4541836457033501,-0.21825350975201704
0.16158262051926742,1.160178065247218
-1.239793070793491,-0.6557815409837968
0.4543082434817219,1.6283740428518043
1.167586256333723,-0.45473768291393224
0.18072902087543644,1.4393891036935305
0.32247575237231113,-1.1974049374345646
0.6548162625081456,1.1402014572700971
0.7880680926189586,1.0700601441313267
0.3604708712434208,0.21149526870072657
0.7611508221234856,0.5985556292486571
0.9432477001373509,1.8248839508104187
-1.351012360233864,-0.564342000961968
-1.247650655874308,-0.7463698862307544
-1.5310583151299244,-0.5257389902854313
-1.4188090195095384,-1.0588335417036854
0.9967994057554714,1.064878850327932
1.4654842987050543,-0.9121714039881915
0.5208947690297969,0.38669744249469906
0.5296260928040799,0.8011261526067731
-1.1870451222312433,-0.7601760226286869
0.7768581864338336,1.2788316717623982
0.6656409357996756,0.987780774857294
-1.1608223625345846,-0.8395456186321433
0.403825443143046,-1.6926922410999725
0.5832283957448513,1.778326299992142
0.11191759515804436,1.3690803791302217
0.29886285495309917,0.6961313525415356
1.2265764655177573,0.11464686831773237
0.5131675307348446,-0.18349469892565443
-0.08536806658200599,-0.47432374823516177
-1.5379900339763048,-0.3770598011388172
0.30840572854071585,1.3874897610083743
0.41557900876068926,-0.5200021722856851
0.3329053976662219,1.350811949921849
0.3057748552455636,1.0714532571611097
0.7315490111271091,-0.547564049556872
-1.455211218846961,-0.6964256889415863
0.5324144080625741,0.9953580952824083
-1.1663579143768845,-0.43398930135511316
-1.5296127786246634,0.06552901937899579
1.3601958929343168,1.3603197705408696
0.7680545152943405,1.8963562873869786
0.4568210023109099,1.343085395839418
-1.8375631649054334,-0.3818275181480112
0.44539211197254913,1.5049900164936365
0.480477583696192,-0.7540743513077734
-1.5666773997657724,-0.8655485608853595
1.4262224179534453,-1.1077582902637992
1.4336218022979428,-0.9449883262557863
-1.7338255791786572,-0.25999640979387456
0.7368303002749169,1.0468744512627723
0.8909767743106366,-0.8658575821668818
1.2469237310358696,-1.007016145849831
0.16507495257596583,1.5498059769238741
0.875755424958279,-1.1234040898776425
-1.4827385178745196,-0.7955871883419963
0.4488233596912927,1.7072873865784475
1.0253964620595535,-0.441089020451691
-1.3488532369753372,-0.10786344041752112
0.8367525457075178,-0.25238729793135734
1.196883313123009,1.202922692091527
0.20197855430598455,-1.2401861242476375
-0.5968767876817933,-1.0947359243153898
0.6575423538591411,-1.1784393526874917
-0.9875471292476635,-0.930613448589879
1.1912503378105659,1.6688176319515589
0.5230869109849131,1.5737833373719323
-1.1129758548980515,-0.9593601202038367
0.6526718078146461,0.8679758417421015
0.5650749737201827,1.4505358704989382
0.8597051567223659,-0.3983755079576107
0.41630199582046784,1.3352940600157677
0.03523143346922751,-0.1776596339141197
-0.7623623847528783,-0.8984236744186961
0.8000632157856002,1.5962286722691617
0.3766171800613185,0.8664806239046856
0.08301742357650957,0.01379891783944597
-1.4444046037436278,-0.017870935245942715
0.47696343931571755,-0.6070395951411998
1.5265901801510335,0.5575801132856796
0.36362639890240167,1.3829947359986958
-1.4865431252509131,-0.5257041506004168
-1.0379088179335776,-0.49937807666547734
0.9471385417827254,0.8117172855302633
0.21407986979960159,-0.7940352816292002
0.3550956850844823,-0.9346537718984619
0.2249020169948517,1.216854803809276
-1.7452891896259635,0.014857931680862657
-1.8112020562037305,-0.33103588905996395
0.9846258851442762,-0.7881577061174196
-1.182899450564116,-0.83596504793815
-1.0899032009356457,-0.753864029117518
1.2016386781814383,1.0879302726498845
-1.1554629933044722,-1.343399459665995
-1.237080227106591,-0.7307923454056828
0.9026980503385358,-0.297915422390432
0.4477441853164067,1.1085862753474465
-1.0836784029330362,-0.7957343486146538
1.2300878702952593,1.337162300928355
-0.8970678321098793,-1.0776068214189813
-1.5963835317649337,-0.7713484493068564
0.12112774666426938,1.5549636180983832
-0.990157334581784,-0.49351362920645103
0.40858761439474345,-0.6014824637144323
-0.8263411367466317,-1.0257478978026664
0.3648313184601458,1.532162698663281
-1.477181560977739,-0.7848199334496236
0.14466375513646182,-0.9464497942057845
0.714733831755122,1.2966360721350674
0.9224335991797885,-0.5634889170902176
-1.5766771239104083,0.033992277747522184
-1.5574831847073498,0.0385166355765707
0.7351600112011687,1.6168881074746597
-1.269645535285171,-0.6149474878718235
0.5023987217277294,-0.7726514804328815
-1.2923646534547086,-0.24386227808070182
-1.888203389724172,-0.22437703655450064
-1.7070485002733569,-1.324635871460422
0.4416252440371478,1.2186946033941612
1.3906960403920876,1.3055491139739586
0.34407647908290334,1.376784973930496
0.16651379311678535,-0.5522334663151662
0.32353832366176594,1.1650686744908498
1.1332310187690435,-0.06013804592607197
-1.2376874364852999,-0.3952967861835985
0.8445313762528542,-0.6441567083997458
0.8293936180943322,1.894273543261126
0.6028014563391852,-0.5447866382354296
0.13805388098380655,1.6525379526265984
-2.343490139544784,-0.24491774037591857
-1.5367825504178194,-0.8890324895357535
0.6372274737469364,1.4874708018892333
-0.11743191935021938,1.2812616487857573
0.7216734364691955,0.5394895416668212
-1.008845166624123,-0.5067714565822334
-1.0725295834972968,-1.2913632721758326
-1.8361127389724796,-1.0352009210980884
0.7567608869805577,0.9974219583759211
0.6466835812805453,-0.658079415234709
0.47543673371744744,0.7163123625297811
0.5033045432791113,-0.5072792482621715
0.38547292025235547,0.07845336848061527
0.5328926447666819,-0.2950121075218327
0.24379685567848555,-1.1079080593062685
-1.0633358703371003,0.17643420326163278
0.3420713443296718,-0.18807440066190387
0.41270338560539943,0.8207461502180006
0.6975697269740541,-0.12677956746348434
0.6763391609923392,-0.8428563134529483
-1.6104112439595366,-1.383617566416194
-1.5148902838758664,-0.11996041299746371
0.7700749234606862,0.9221767258512502
-1.3429107120166661,-0.4300239059059314
-0.1587404786683459,1.364988953758897
0.2844694257861936,1.3521216403544172
0.8662163573308582,1.5894955419648193
-0.36408783620756524,-0.3067149454273608
0.9981888673925514,1.5477764237500375
-0.950641028977631,-0.17413273655884526
0.21310638507926746,1.2357097040630254
-1.4148154634301144,-1.2649904343406644
0.9179152363158024,1.5316492425456258
0.053535710290877336,1.0086825365058543
1.0924123805725992,-0.9137707090859329
0.4216928066757233,1.0653055754370577
-0.9919113134615992,-1.543333842524661
-1.3332139005176231,-0.4087361473075505
0.7666532791597686,1.5121548744300368
-1.066012221299103,-1.3272555477598271
0.7277269707671903,1.2624174234886276
-1.4470852934373557,-0.8200678114365166
-1.3154040437830747,-1.1294427038454737
0.6539332173979648,0.7315533076430046
0.3071332062812729,1.165334312327547
0.24919848576843956,1.601123539535862
-1.5284568830231071,-0.42520406247569154
0.5999032876588545,-0.6886715447454873
0.8114875614213609,1.2630531396128781
0.7146645716869223,-0.13773330728292427
0.838812345411816,-0.8197428640504502
0.6229531769085769,0.9389346797239803
0.7058044961130524,-0.2609786649288894
-1.2089750546119609,-0.6937886655791723
-1.3203827374871624,-0.20682736192783355
0.8401704682751602,1.2121944771917128
0.3661638687487554,-0.5643527587939415
0.6317294890081343,-1.1897792202306858
0.5367773392783902,1.199635744718284
-1.971261526484121,-0.07270329388790207
1.058063973845817,-1.0828712750882368
0.9835584051573522,-0.5378177303507267
-1.033748852326611,-1.1179184869168706
0.4224246254799599,-0.443511943595557
-1.0598868131238466,-0.6958906376228368
-0.9953766518598763,-0.4746057492447028
0.27508448469609437,0.7364457903163938
0.6497087154452413,-0.4657919481005665
0.6861232265419774,-0.5305553553264803
0.0780600447410132,1.1263109781946967
0.8516108856569355,1.4140517707242783
0.6297454765116526,1.310155606288982
0.8277241990909999,2.8063662172190416
0.3018050158954177,1.170120245300538
-1.0872406999170767,-0.8152915854381301
0.6182511920597284,0.16818431251238736
0.6571472799353346,1.0254629318777422
-1.1809100928480758,-0.4944677362652985
1.2772406163695493,-0.509302739030617
0.823817312045492,1.6320524614109644
0.36826098627899784,-0.2840216775259655
1.2543823233509215,-0.4957332365197478
0.7212038942308547,0.3487999803008315
0.003857214075146029,1.3716760773780587
-1.5236168249948137,-0.9800241617445363
-0.8499172344452498,-1.2728706067375626
0.12492885590288244,-0.21766497849308047
0.5861446505126671,0.8846854548112361
0.1632965114115822,-0.4992446603804369
1.2011129804289582,-0.13146228675391514
-1.3268696459342157,0.03148300472635575
-1.6826972742563415,0.36086910856536164
0.9964616629308672,-1.2578175161974594
1.210518426637268,-0.3397776908394712
-0.5831343056412396,-0.14509312605964994
0.9202639399540878,-0.5241874410573825
1.0515115832863253,-0.434558427136506
-0.7772534903309439,-0.41900099870577556
0.6246130052401832,1.8735175601794671
-1.2433785675020355,-0.5764512255828682
-1.2766772090804974,-0.8557788789176674
0.3487064616957624,1.2077698309926832
-1.0682687232973525,0.21867293123176926
0.819562203665511,-0.5715553246561391
0.4400671254405522,-0.05523334365445244
-0.6672299655415538,-0.2752436555990158
-1.7500060700173812,-0.5236954750544047
0.1579328442089542,-0.4381790499188484
-0.8300967742600418,-1.4891801023572955
0.11500602427445487,2.011713655775462
1.0494088797699639,-0.4874127500936285
1.0278123149260088,-0.5801591407737549
0.09270110302782557,0.9229845384138815
0.8659644287306302,-1.0761432483734628
1.8233704077975963,1.73184032575718
-1.2862127885100367,-0.8618262920910555
0.9082407437149251,-0.8206151812688279
0.5756645176358015,-0.668263236334846
1.0466070901764382,-0.689177220366725
1.0063898795837551,1.2338706140802331
-1.4335284941420938,-0.5878800422901842
0.4219805469043134,1.493473783351112
0.19922461364472172,-1.52043524391593
-1.3286201903821386,-0.24028058737744126
-1.3085956829270053,-0.6835224705060282
-1.331708026131234,-0.5783702184799921
-0.9757099914885954,-0.8022122295462087
0.6934791849185262,-1.2298321150679772
0.8047498706153637,0.17712127134520064
0.3925226711104275,0.043848131352338754
0.6142290564666619,0.8322259170304874
0.6224675728832183,0.8758520423195684
-0.9143398114910848,-0.48823864890431407
0.6137963379333489,1.9068167222622696
-1.647342112533273,-0.39871473789267187
0.5840873306913201,1.204812420863789
0.8494103595139122,1.7381269952409486
-0.19709055155408492,1.084987662221125
1.2828984794509752,1.6382973923127317
0.5249315398930302,2.361105396761616
0.41121118618215724,-1.2125685368819366
-0.9110838260146452,-0.8745480410406904
0.6900668774519664,-0.6728402950038254
0.9158965397605664,-0.556372544246832
0.9664685875149852,1.3637653661087978
0.6717927703649553,1.5519985705497807
0.5557539896294273,-0.7250761353202837
0.03929553918533964,1.8290647449488366
-1.1825523709392762,-0.8373060438145333
-1.2414754898090328,-0.9710125813992571
0.5780332439239209,0.9160198233811954
0.6094878529687264,-0.4864917716564382
-0.5959761822542627,-0.231134805343123
1.1874172703085193,0.7271839117571107
1.4095936236633073,-0.6203596863487999
-1.4099945876458193,-0.942156281200843
-1.4094375803666783,-0.781257634383293
-1.58753184519911,-1.2277668473706513
0.9349007077692025,0.9341646229120854
-1.637244341866943,-0.48870331680042794
0.6195921391881561,1.3378120703646177
1.1652815462971222,-0.45233996692568224
-1.5713302089213386,-0.4497100066943766
0.5977672273429906,1.425807511441651
0.9655936876122269,-0.47916313832019936
-1.4067987841539769,-1.030841621372616
0.44608071550607675,-0.5378116736299862
0.760427605916583,2.0292919682853205
-1.1708333876761154,-0.8286768719206501
-1.4872771604355963,-1.4169006541339864
0.39417231097872674,-0.5483172644080958
0.5934254228867406,0.3401611075812879
-1.6209801101377965,-0.4886825584681187
-0.6310138062838988,0.8889529146260748
0.6205196797147575,1.178200837048062
0.9482536437069627,1.6115123996399685
-1.4873743165633782,-0.5977323788738629
-1.876330838624973,-1.5384866235740982
-1.48965493932211,-1.6269730152400006
-1.0491973531499323,0.05198528688807006
0.3559757397653947,1.375810494598145
0.5409289530127204,1.5723909127003526
0.5277587905683798,-1.3300327261435205
1.26537393649443,-0.2770336336352952
-0.42124442178328614,-0.8166858610145734
0.39445539505015836,1.1770075994408793
-1.2623672040801284,-0.9492865754945929
0.06535595297268536,0.7383485817149862
0.37780343298500485,-0.3092624375203149
-1.3267245211867402,-0.8876823639252008
-1.0200339223652535,-1.036582186747768
0.10456228852221211,-1.056022684322736
0.6664080163961312,1.0937466764230657
0.3747356126957557,-0.8642749492427114
-1.517000760328702,-0.26162545478269517
-2.3613216129894194,-0.695383557924091
-1.1471658687897253,-0.5923865180977916
0.7228401346539001,1.0923834389869287
-1.2803785004972978,-0.7352414940267568
-1.6145005104811603,-1.1633671613940406
-1.3459078446133488,-0.23477894094678084
0.9770622842598838,1.4124986002271807
-1.5256204435127712,-0.5171195928662758
0.3228994916508789,-0.4191698361490959
0.24304144422446572,1.069048513434923
-1.3396666395310808,-1.1501423636315566
-1.4870127332151881,-0.10264748744955095
1.0152791931367138,-1.812685133518148
1.1346824569890743,1.2999429851189694
1.1724742350699624,0.7405551892560484
1.0146021988054927,-0.8681555814626963
0.5739407347622147,-1.155364125256197
-1.2951619972776154,-1.0007214156578665
1.4518332652550985,1.6975936323982668
1.1285753570443184,-0.4093801736398473
0.6447229943142392,-0.7318308722700909
0.6594869679511776,-0.7129157597997642
1.3133106181335623,1.4509018308281432
-1.1944724137408278,-1.3463813786673464
0.8792343227679443,1.890456479587631
-1.946049458818841,-0.6551334819275443
0.858677707153406,-0.3385220588983058
0.3847763338695843,-0.5184297792293335
1.0881688295529104,-0.39138517260444433
-0.1751671913764985,1.2566483702188151
-1.282050626352033,-0.2551499105556738
-1.3789041317100474,-0.6163581203793068
-1.2715223395036908,-0.38870655494608136
0.6253515283623872,-0.3443896580353489
-1.3998148760157254,-0.6634677977282214
0.6327583148058122,1.8631345856573858
-0.3642147798402241,-0.6232352049523753
-0.9317504783158761,-0.7581663911734084
-0.1465438171398358,-0.5269794816560512
-1.814952089151201,-1.1831911143424483
1.281650367494185,-0.8544457152463244
0.8988591404725685,-0.5193411467236092
0.5417868651334146,-0.7828654899153457
-1.3753662579578239,-0.8418638311109361
0.3707090951549465,1.6268150436470137
-1.2085393295242588,-1.1759846957242257
0.31993937742356393,1.246577418793983
-1.551483577388171,-1.2270591085591487
0.8307485360492444,-0.8995849097823032
0.8473207391513843,-1.366272283264186
0.7286327429515942,1.599054917754928
0.8556108675732121,2.1528513512549847
0.9040596585106947,0.8495384135984334
0.640945193825467,-0.9767486793024007
0.44478477497779006,1.3829146289217642
-2.1054960721739184,-1.0703615631559014
-1.0779327730078083,-0.6006734428032012
-1.169873184982986,-0.9114913674178501
0.6582465356226598,-1.4596197337438108
0.4392216698861407,1.3238738171300135
1.0018293351119587,1.4539680508766173
-1.0927399858677305,-0.4980235956315248
1.038740683232051,0.6002464142411312
0.927392784046664,-1.7939271180627092
0.6681748748595958,-0.6986459750049703
1.2221652326306631,-0.1948881178084948
0.6179900833568909,-0.3525373746403358
-1.2014730357501522,0.14189490264802934
-1.2145777121315378,-0.2876981168944453
0.9469502917772865,2.037399453685209
-1.4130235975996612,-0.08275102183505986
0.7563529015471744,1.6752157863649642
0.3988335460797217,1.6257019576579173
0.7681478804984389,1.0380600558666968
1.1711387728749727,-0.3105230342893646
-0.314659196559895,-0.6507564109195636
0.6503140617424336,0.842332777436571
-1.5150156599450562,-0.5860567852276926
-0.3896501026427943,1.6148120109541129
0.6654084935095188,1.6725030345686056
1.0248170181308576,0.28513778856219385
0.6003314283875802,-0.4827723022079359
0.8706825514067285,0.9546985281199921
-0.7520815379034248,-0.5967633623786345
1.260170292261663,0.7491059299728976
-0.9543306142455551,0.07663911858945197
1.2616443478029515,0.7294330031518464
0.4281525907247771,0.8752613059442117
0.34992605700861057,1.5588656574368742
0.5694361120946086,-0.6246681104706081
0.03194688567544054,1.7939972462844167
-1.5908335717142112,-0.6321953467366964
-1.8571287122519415,-0.45270947704261977
-2.122507380381027,-0.007085073449178806
-1.096614417151787,-0.24913465959121808
0.6615132280952969,1.1741322964515593
0.698007547611971,-1.1838803660680213
0.6171056011985578,-1.0409471282770757
0.8063360067503946,-0.9404779945496612
-1.8496537551813452,-0.9613990575283777
0.5807397770883992,-0.5091008849868159
0.7022900206038338,-0.7955653061991947
0.023221704643705435,-0.8423490073946049
0.2035172937288225,-0.7984321112959876
-1.302842177691245,-0.17142130925751253
1.4560573391968665,0.5242325590250329
0.8413179117667935,-1.054737264998527
1.1085874748572124,-0.6656750149085499
-1.2102979677260788,-0.32428423222228353
-1.5040753214760652,-0.26353155717048576
1.240985096289686,1.593398296433812
0.21517109348030308,1.4778757683194312
0.30160916724430586,1.0560374242724715
0.037672691877248476,1.1013114011823166
-1.7886095947254521,-0.3937263020218341
0.6741473019346181,-1.056594671408647
0.8206045028988088,1.2373275665845826
0.22196496476116703,-1.4471003980439971
0.7786108380457175,0.3060716055086991
0.008524575073094849,1.0560443524602632
1.4387144649811738,-0.7289167372824299
1.0020246667204955,0.19501747406622996
0.5628086041444939,-0.562943025315517
-0.6158863513895455,-0.4220938780295402
-1.7029769721631898,-0.784550898284135
-1.2017084542173484,0.29125029686240433
0.2427090133158392,-1.5206316277883907
-1.3274746508641158,-0.5819575520830289
-1.1082593700921772,-0.10729282822233438
1.0089707103299654,-0.8017435426767695
0.5310256814928204,1.6736533602594796
0.4018175114091113,-1.0729840030154203
-0.7118792752294186,-1.0665353731859852
-1.7338282149358601,-0.431886031855814
-0.9894699842720507,-1.1181760294678966
1.2762045633363743,-0.5188748203960852
0.7050125287206696,1.0557133819820221
0.5052765728474194,1.5900701269800974
-1.4036867924218515,-0.40032801270921853
-2.27385044195392,-0.9873329292136661
0.9433782984502194,1.5392206488926663
1.0938812567616618,-0.9322922940660341
0.7484478470258193,1.8717138432060139
-1.5033634042379842,-0.8440957596396343
0.638653073714542,-0.6776229062960181
0.48598234774704396,-1.0039686139308914
0.5605467610863741,-0.001088787246852794
-1.860602097468027,-0.9798322922891275
-1.235201323496523,-1.2699445137390302
0.7525058936154511,-0.5081619335545895
0.5424011208692211,1.432082334670755
0.5997445089683799,1.6862190287569114
0.753034562140944,0.9664640159118608
0.685443064292882,-0.8065613682545721
-1.7105934652171704,-0.39555127276179125
-1.7039558900132683,-0.9758933278684322
1.4781033901911018,0.9739072892251165
1.2111387116725667,1.3208154037584252
1.219203436986243,1.5035550385536223
0.5431741889631796,1.7236636799190712
-0.02973851591149004,-0.7126995198637119
-1.2330810543277666,-1.4767349653084656
-1.9064317847228696,-0.9460577786990438
-1.3068523780726868,-0.014955458254069015
0.5606705492399107,-0.32663164316499294
1.2983631515469496,-0.8311526505484784
0.41400206286145985,-0.9380829566181345
-1.2193267645695938,-0.8958023183656943
0.6033681453488113,1.667194532061583
0.16819916463331175,0.4899722127925592
0.5311317077435482,-0.042118504841596266
-1.217158658226938,-0.05387050124278395
1.298588125874991,-0.5024995043805223
0.05338442031015458,-0.6019508497333323
-0.8454659178367904,-0.9952117113925328
-1.3412533744728217,-1.3270357292809691
-1.6929784037345266,-0.25980418436033403
0.4133989695359171,0.33170454568452545
-1.2029912489045502,-0.5425479233179225
0.5271119634907152,-0.7512317145720121
-1.5566488378695276,-0.6637802646877871
-1.2131436523882357,-1.0295650661667894
-1.8000313846270273,-0.10642948908729746
0.9843307923657657,-1.2914717343898512
0.24616718909251423,-0.7623511430588616
-0.31981455052337515,-0.7118032573586972
0.5597647563844333,-0.9711549890618719
-1.9185108010971874,-0.4357882502693299
0.5845152799620436,-1.029404276436228
0.6577545508226963,0.9530761597432567
1.1393096621799579,-0.5963525937673659
1.0483043074619538,1.7059820778551897
0.4923125669823135,-0.8113466200645931
0.3099589881447923,2.114296303899516
-1.6481403842680964,-0.8252237770433908
0.8360588739675798,-1.0272657033282593
0.7149638254430336,-0.30739472373259313
0.8379822912000758,-0.37558003042976434
0.39404067507850793,2.019898698871645
0.8810340355972859,-1.2937879670841406
-1.2379499230749524,-1.0586798464540637
0.09494115185480427,-1.3084008553498987
0.7148733776051435,-0.2623767240283669
1.11970498357144,1.0134689715144023
0.5448201149192424,-0.08796681363908394
-1.2642565926175244,-0.9417896382245036
0.6633437629123415,0.5102833483945364
-0.8475222103391773,-0.83447047194247
-1.1194774256339404,-1.0583584377996504
-1.0684140128547928,-0.2916832411489558
-1.039154634447677,-0.8951686262550153
0.7452354361675235,-0.9705773379006339
-1.8420954048939093,-0.38065222321794234
-1.1431285670591032,-0.8714177547190324
1.0856807284626915,1.3182299669745956
0.8277193762235819,1.4936776358505577
1.2665205394220487,1.1937782500755765
0.0034545358406428374,1.364273251125563
-1.3296000757349185,-1.2365394007627768
1.0774531766742956,1.6029233912211838
-1.1279966428147117,-0.5428603493575694
0.7476422092444786,-0.00482111995748294
1.3018582183444214,-0.5962302554981109
-0.042150348194744267,1.0706251022595312
-1.567140901953864,-0.6554032874090328
0.9753509912316142,-0.4243234247750425
-1.205281215077792,-1.116517821062582
-1.5615297439865694,-0.20658233151236385
0.7562040888898616,-0.34634036821734976
-1.122428554149157,-0.6013704880590044
-1.382721210535205,-0.9878841137175257
0.24490948150186567,1.4898486289143906
0.8656754753872503,-1.0881825162473802
0.7108508936741869,0.8019298988116156
0.983198971733064,1.420932177628364
0.22114875020583774,-0.4630556620437601
1.1990275708014528,-0.7563323056889775
-0.8997695565795194,-0.214335513860672
0.7535648089572824,1.1402923980934807
0.5530071220018444,1.4102371619972036
-1.537549845697464,-0.6260703154497748
1.3522692759646509,1.4779703157854722
0.8783362456006322,1.8297556141484035
-1.6725360345295783,-1.2054453950604342
0.25298801651249647,1.5614028994254052
0.27065731480629623,1.901033858980679
-0.8676929683020862,-0.9504878722972723
1.1238811239531905,1.0591123094777923
1.0738240457007615,-1.3579969892043102
-0.8605052336387007,-0.5740136277036201
-1.244996114074107,-1.1990213143812967
0.1980718692821503,0.8214032004935958
1.0570321920815466,-0.20736320546336437
0.33398573490136935,0.7325339977833658
0.5121524705124542,-0.13318604553381555
-1.492394534992451,-1.0081495901943887
-1.407333668651652,-0.8213966173815564
0.33491238163592735,-0.7843837268803641
0.2822725729539972,0.9709539867545322
-1.0582640774397323,0.11626334176374716
0.568764470063271,1.5229792003655778
0.694962694065913,1.4431709041743825
0.025520099094589004,1.3186406039669687
0.651099093469174,2.260095899555678
0.8942133473457164,0.6576548175964891
0.5827979421314168,1.1733081295781052
0.6424675015647051,-0.6268481473968271
0.7827445603120546,-0.41959619922050934
0.3795729103650969,-1.1942034975732987
0.8851343107421912,-0.21269285052053186
-0.7301710733704511,-0.3291075293665388
0.30330808515182267,0.16931608521180683
0.6177853830957628,-0.21298567968547233
0.9607750880436108,1.2288064594545336
0.37556684442462224,-1.1552233914511318
-1.249364502066147,-0.4804332408535768
0.3137364300457186,1.0944223389619963
1.0280903949793887,1.6578132352085435
-1.8112505811258235,0.015850125998383927
0.8486696221652942,-0.03384239825754921
1.1435037943346775,-0.45535896820844307
0.24339413273960048,-0.3041786604766822
-1.2225057994213435,-0.37097629335450677
0.009081429666726539,-0.5008675340847699
-1.4184260184373152,-1.1090625645589924
-1.929102327490806,-0.37508486637574284
0.6203243153457318,0.8975463792053373
0.7829250733783184,-0.9301153006981168
-1.5616667734508778,-0.8827964344802385
-1.0846284554232926,-0.2381569384758073
-1.327592552954931,0.02214297764450042
-2.0288953310827536,-1.1770966624856145
-2.0047582776898447,-0.08587600172270266
0.620082924928759,-0.4568293508223882
0.2677423213580413,1.2682833617372222
0.6401377051267005,-0.9702400277808321
1.0776414085824295,0.9690385728856679
0.9144873244026681,1.35905796034131
0.2830578999488188,-0.846022212663376
0.8700815789511515,1.5387161135212588
1.0923890858352951,-0.736362875312843
1.2436273811485168,0.8050448939226201
-1.6895232749228273,-0.6927952860302217
0.48583911845764777,-0.6014317470054996
-0.03757438680437348,1.823953120143786
-1.0615040584467956,-0.7130282819617993
0.766353527277859,1.0192717356059324
0.4529294247274204,1.536555556848254
0.9618678324004483,-0.9032715980541793
1.52840411914148,-0.5194070165481913
0.943632701267156,0.8077777141035881
0.15169181760284442,-1.2497489738188816
0.27881622790120986,1.4850808284766395
0.486957782660032,-1.1142300523118918
-0.3326889356507501,-0.8827460403804503
0.28766905335286164,0.748045118472544
0.17330412009558832,-1.3824767930934
1.0145170998272093,-0.9715677630630396
0.42178737950907796,0.9799717236090703
0.5536589803017984,-0.5885552503352439
0.3678795229362925,-0.2652048553771736
0.6744250693074142,1.493934313367825
0.7973909284289153,-0.20594160650135646
0.6217636531815081,-0.4462924666752141
0.6498497615608625,-0.5684422036050621
0.8369311497772749,-1.0359957206446675
-0.9232184268473558,-0.9008397746659188
0.3894985974196415,-0.7929521610895489
0.23702948699237383,0.8143336778059401
-0.033787232684061766,1.2698471563781297
-1.5176987078325115,-0.48164283009658826
-0.7005895072810983,-0.8795974448150661
0.3156078677027617,-0.029627815914625225
-0.9132955956249571,-1.258077937018147
0.912224643827774,-0.7057711133118518
0.07689696150769842,-1.3662903886860156
0.6686309455304733,-1.1985028101351518
0.7760310174857801,-0.5049692479217486
1.0896314584564575,-1.1566652684796213
1.4282792550490453,-0.19897510064701546
-1.306846337836535,-0.5373879330339676
0.5854728995514596,1.4496162521958247
0.8738318304617659,-0.5113549194823243
-0.6953024212445167,-0.8750195306058073
0.6795687761274416,-0.7339805222594066
-0.9915500632296164,-1.0106025991250809
1.0988069164476728,-0.6183225748789507
0.8183757251992592,-0.385124550275319
0.7470883101234005,-0.35333509920900136
0.08807861995895012,-1.3209175388660301
-1.2320579032982093,-0.7120600642202412
-1.9623065938077446,-0.4604186679388886
0.14734818446405892,0.7725549818392806
0.7427053095579295,1.3943179211787795
-1.1873536029488343,-1.1659064327992439
-0.34291716374905284,0.22663399829908484
-0.9762998001026377,-0.14107604766393092
0.9102788390411709,-0.6536155743516707
-1.5559971786911406,-0.8924206800926076
1.2620405461745587,-1.1247173818371603
0.3539228245169426,-0.6959631361492613
-1.5440569562045323,-1.0137111717801617
0.7184982057800542,-1.2857298734916067
1.2792322043136959,-0.8916780780244775
0.6296948975471198,1.1994587602640803
0.2465472767204519,1.473358946567852
0.5604979213988035,-0.6679130023004972
-1.5358182885328076,-0.4489299633731737
1.0352953943744039,-0.884462682378972
-1.3030077852498279,-0.6623393544373102
0.6752024816800218,-0.46044310712493786
1.0794154258676365,1.2957085103259407
0.8304013876879608,1.408443373042756
0.44326751739097114,1.0348325435098487
0.741521716820095,1.0108419976622431
1.5610583318675666,-0.6966903434290904
1.2212788766535667,-0.47438490999352906
-1.329365983924848,-0.4061094672136909
0.35507183847728585,1.1628668166058804
0.39100943020017714,-0.7475445893319751
-1.2754300350207475,-0.37863399260357455
1.0857362368886712,1.1072315387682232
-0.9496292355881011,-0.876918046488476
0.6653768108101401,1.5256682386054925
1.460294437001977,1.5409073103696824
-1.153450543478488,0.06381441456080951
-1.407687316815449,-0.5356291252838196
0.5465364401865787,-1.0084153892958085
1.1044655734025188,-1.1496017185482332
0.5468863397665781,1.0978647563561044
-1.0644082484875663,-0.15148861298085092
0.40226700430966433,-0.442641369714291
0.44443776729272216,1.7198005403114898
0.8957215937455105,1.1339477544286394
-0.9551657564998407,-0.746731107572269
0.4555636396862482,-1.0218932763923267
-0.7130424751991308,0.03200188080314425
0.7088198027647452,0.5212516087562864
0.07555914616536696,-0.08379652580719472
0.6454066205748638,1.0355122453884338
-1.6983109594243109,-0.7234902764310053
0.5028044575100244,0.14242454119241138
0.7249862255687852,1.4278896977805322
0.32758799289906604,1.1985814684452063
0.26292495875689387,-0.7306850734490465
-1.3865752865837069,-0.8469157352963964
1.4279858031087136,1.9817883012855522
-0.994332629923785,-0.6452132548603449
1.0715161685923555,1.5873038873754046
1.4638820910422468,0.9900068467475492
0.8925406697016164,1.1697057211508384
